/*
Navicat MySQL Data Transfer

Source Server         : localhost_3306
Source Server Version : 50723
Source Host           : localhost:3306
Source Database       : health_web3

Target Server Type    : MYSQL
Target Server Version : 50723
File Encoding         : 65001

Date: 2025-07-09 17:18:18
*/

SET FOREIGN_KEY_CHECKS=0;

-- ----------------------------
-- Table structure for app_health
-- ----------------------------
DROP TABLE IF EXISTS `app_health`;
CREATE TABLE `app_health` (
  `id` int(11) NOT NULL AUTO_INCREMENT,
  `sex` varchar(255) NOT NULL,
  `age` varchar(255) NOT NULL,
  `career` varchar(255) NOT NULL,
  `sleep_duration` varchar(255) NOT NULL,
  `sleep_quality` varchar(255) NOT NULL,
  `physical_activity_level` varchar(255) NOT NULL,
  `pressure` varchar(255) NOT NULL,
  `bmi` varchar(255) NOT NULL,
  `blood_pressure` varchar(255) NOT NULL,
  `heart_rate` varchar(255) NOT NULL,
  `daily_steps` varchar(255) NOT NULL,
  `sleep_disorders` varchar(255) NOT NULL,
  `comments` longtext NOT NULL,
  `createTime` date NOT NULL,
  PRIMARY KEY (`id`)
) ENGINE=InnoDB AUTO_INCREMENT=749 DEFAULT CHARSET=utf8;

-- ----------------------------
-- Records of app_health
-- ----------------------------
INSERT INTO `app_health` VALUES ('375', '男性', '27', '软件工程师', '6.1', '6', '42', '6', '超重', '126/83', '77', '4200', '无', '[{\"author\": \"aaa\", \"score\": 4, \"content\": \"khkjhj\\u4e24\\u5bb6\\u90fd\\u662f\\u5783\\u573e\\u5206\\u7c7b\", \"date\": \"2025-2-21\", \"userId\": 1}, {\"author\": \"aaa\", \"score\": 5, \"content\": \"dsafsadfsad\", \"date\": \"2025-3-1\", \"userId\": 1}]', '2025-03-01');
INSERT INTO `app_health` VALUES ('376', '男性', '28', '医生', '6.2', '6', '60', '8', '正常', '125/80', '75', '10000', '无', '[{\"author\": \"aaa\", \"score\": 3, \"content\": \"\\u5bf9\\u65b9\\u662f\\u4e2a\\u5927\\u53d1\\u5676\", \"date\": \"2025-2-26\", \"userId\": 1}]', '2025-03-01');
INSERT INTO `app_health` VALUES ('377', '男性', '28', '医生', '6.2', '6', '60', '8', '正常', '125/80', '75', '10000', '无', '[{\"author\": \"aaa\", \"score\": 5, \"content\": \"\\u7535\\u98ce\\u6247\\u8d76\\u5f97\\u4e0a\", \"date\": \"2025-3-1\", \"userId\": 1}, {\"author\": \"aaa\", \"score\": 5, \"content\": \"\\u53d1\\u8bf4\\u6cd5\\u4f3d\\u7684\", \"date\": \"2025-2-28\", \"userId\": 1}]', '2025-03-01');
INSERT INTO `app_health` VALUES ('378', '男性', '28', '销售代表', '5.9', '4', '30', '8', '肥胖', '140/90', '85', '3000', '睡眠呼吸暂停', '[{\"author\": \"aaa\", \"score\": 4, \"content\": \" \\u5bf9\\u65b9\\u662f\\u4e2ass\", \"date\": \"2025-2-17\", \"userId\": 1}]', '2025-03-01');
INSERT INTO `app_health` VALUES ('379', '男性', '28', '销售代表', '5.9', '4', '30', '8', '肥胖', '140/90', '85', '3000', '睡眠呼吸暂停', '[]', '2025-03-01');
INSERT INTO `app_health` VALUES ('380', '男性', '28', '软件工程师', '5.9', '4', '30', '8', '肥胖', '140/90', '85', '3000', '失眠', '[]', '2025-03-01');
INSERT INTO `app_health` VALUES ('381', '男性', '29', '老师', '6.3', '6', '40', '7', '肥胖', '140/90', '82', '3500', '失眠', '[]', '2025-03-01');
INSERT INTO `app_health` VALUES ('382', '男性', '29', '医生', '7.8', '7', '75', '6', '正常', '120/80', '70', '8000', '无', '[]', '2025-03-01');
INSERT INTO `app_health` VALUES ('383', '男性', '29', '医生', '7.8', '7', '75', '6', '正常', '120/80', '70', '8000', '无', '[]', '2025-03-01');
INSERT INTO `app_health` VALUES ('384', '男性', '29', '医生', '7.8', '7', '75', '6', '正常', '120/80', '70', '8000', '无', '[]', '2025-03-01');
INSERT INTO `app_health` VALUES ('385', '男性', '29', '医生', '6.1', '6', '30', '8', '正常', '120/80', '70', '8000', '无', '[]', '2025-03-01');
INSERT INTO `app_health` VALUES ('386', '男性', '29', '医生', '7.8', '7', '75', '6', '正常', '120/80', '70', '8000', '无', '[{\"author\": \"aaa\", \"score\": 5, \"content\": \"\\u7684\\u65b9\\u5f0f\\u53d1\\u7ed9\\u7b54\\u590d\", \"date\": \"2025-3-1\", \"userId\": 1}]', '2025-03-01');
INSERT INTO `app_health` VALUES ('387', '男性', '29', '医生', '6.1', '6', '30', '8', '正常', '120/80', '70', '8000', '无', '[]', '2025-03-01');
INSERT INTO `app_health` VALUES ('388', '男性', '29', '医生', '6', '6', '30', '8', '正常', '120/80', '70', '8000', '无', '[]', '2025-03-01');
INSERT INTO `app_health` VALUES ('389', '男性', '29', '医生', '6', '6', '30', '8', '正常', '120/80', '70', '8000', '无', '[]', '2025-03-01');
INSERT INTO `app_health` VALUES ('390', '男性', '29', '医生', '6', '6', '30', '8', '正常', '120/80', '70', '8000', '无', '[]', '2025-03-01');
INSERT INTO `app_health` VALUES ('391', '女性', '29', '护士', '6.5', '5', '40', '7', '正常', '132/87', '80', '4000', '睡眠呼吸暂停', '[]', '2025-03-01');
INSERT INTO `app_health` VALUES ('392', '男性', '29', '医生', '6', '6', '30', '8', '正常', '120/80', '70', '8000', '睡眠呼吸暂停', '[]', '2025-03-01');
INSERT INTO `app_health` VALUES ('393', '女性', '29', '护士', '6.5', '5', '40', '7', '正常', '132/87', '80', '4000', '失眠', '[]', '2025-03-01');
INSERT INTO `app_health` VALUES ('394', '男性', '30', '医生', '7.6', '7', '75', '6', '正常', '120/80', '70', '8000', '无', '[]', '2025-03-01');
INSERT INTO `app_health` VALUES ('395', '男性', '30', '医生', '7.7', '7', '75', '6', '正常', '120/80', '70', '8000', '无', '[]', '2025-03-01');
INSERT INTO `app_health` VALUES ('396', '男性', '30', '医生', '7.7', '7', '75', '6', '正常', '120/80', '70', '8000', '无', '[]', '2025-03-01');
INSERT INTO `app_health` VALUES ('397', '男性', '30', '医生', '7.7', '7', '75', '6', '正常', '120/80', '70', '8000', '无', '[]', '2025-03-01');
INSERT INTO `app_health` VALUES ('398', '男性', '30', '医生', '7.7', '7', '75', '6', '正常', '120/80', '70', '8000', '无', '[]', '2025-03-01');
INSERT INTO `app_health` VALUES ('399', '男性', '30', '医生', '7.8', '7', '75', '6', '正常', '120/80', '70', '8000', '无', '[]', '2025-03-01');
INSERT INTO `app_health` VALUES ('400', '男性', '30', '医生', '7.9', '7', '75', '6', '正常', '120/80', '70', '8000', '无', '[{\"author\": \"aaa\", \"score\": 5, \"content\": \"\\u5b98\\u65b9\\u4e0a\\u73ed\\u5730\\u65b9\", \"date\": \"2025-3-1\", \"userId\": 1}]', '2025-03-01');
INSERT INTO `app_health` VALUES ('401', '男性', '30', '医生', '7.8', '7', '75', '6', '正常', '120/80', '70', '8000', '无', '[]', '2025-03-01');
INSERT INTO `app_health` VALUES ('402', '男性', '30', '医生', '7.9', '7', '75', '6', '正常', '120/80', '70', '8000', '无', '[]', '2025-03-01');
INSERT INTO `app_health` VALUES ('403', '男性', '30', '医生', '7.9', '7', '75', '6', '正常', '120/80', '70', '8000', '无', '[]', '2025-03-01');
INSERT INTO `app_health` VALUES ('404', '男性', '30', '医生', '7.9', '7', '75', '6', '正常', '120/80', '70', '8000', '无', '[]', '2025-03-01');
INSERT INTO `app_health` VALUES ('405', '女性', '30', '护士', '6.4', '5', '35', '7', '正常', '130/86', '78', '4100', '睡眠呼吸暂停', '[]', '2025-03-01');
INSERT INTO `app_health` VALUES ('406', '女性', '30', '护士', '6.4', '5', '35', '7', '正常', '130/86', '78', '4100', '失眠', '[]', '2025-03-01');
INSERT INTO `app_health` VALUES ('407', '女性', '31', '护士', '7.9', '8', '75', '4', '正常', '117/76', '69', '6800', '无', '[]', '2025-03-01');
INSERT INTO `app_health` VALUES ('408', '男性', '31', '医生', '6.1', '6', '30', '8', '正常', '125/80', '72', '5000', '无', '[]', '2025-03-01');
INSERT INTO `app_health` VALUES ('409', '男性', '31', '医生', '7.7', '7', '75', '6', '正常', '120/80', '70', '8000', '无', '[]', '2025-03-01');
INSERT INTO `app_health` VALUES ('410', '男性', '31', '医生', '6.1', '6', '30', '8', '正常', '125/80', '72', '5000', '无', '[]', '2025-03-01');
INSERT INTO `app_health` VALUES ('411', '男性', '31', '医生', '6.1', '6', '30', '8', '正常', '125/80', '72', '5000', '无', '[]', '2025-03-01');
INSERT INTO `app_health` VALUES ('412', '男性', '31', '医生', '7.6', '7', '75', '6', '正常', '120/80', '70', '8000', '无', '[]', '2025-03-01');
INSERT INTO `app_health` VALUES ('413', '男性', '31', '医生', '7.6', '7', '75', '6', '正常', '120/80', '70', '8000', '无', '[]', '2025-03-01');
INSERT INTO `app_health` VALUES ('414', '男性', '31', '医生', '7.6', '7', '75', '6', '正常', '120/80', '70', '8000', '无', '[]', '2025-03-01');
INSERT INTO `app_health` VALUES ('415', '男性', '31', '医生', '7.7', '7', '75', '6', '正常', '120/80', '70', '8000', '无', '[]', '2025-03-01');
INSERT INTO `app_health` VALUES ('416', '男性', '31', '医生', '7.7', '7', '75', '6', '正常', '120/80', '70', '8000', '无', '[]', '2025-03-01');
INSERT INTO `app_health` VALUES ('417', '男性', '31', '医生', '7.7', '7', '75', '6', '正常', '120/80', '70', '8000', '无', '[]', '2025-03-01');
INSERT INTO `app_health` VALUES ('418', '男性', '31', '医生', '7.8', '7', '75', '6', '正常', '120/80', '70', '8000', '无', '[]', '2025-03-01');
INSERT INTO `app_health` VALUES ('419', '男性', '31', '医生', '7.7', '7', '75', '6', '正常', '120/80', '70', '8000', '无', '[]', '2025-03-01');
INSERT INTO `app_health` VALUES ('420', '男性', '31', '医生', '7.8', '7', '75', '6', '正常', '120/80', '70', '8000', '无', '[]', '2025-03-01');
INSERT INTO `app_health` VALUES ('421', '男性', '31', '医生', '7.7', '7', '75', '6', '正常', '120/80', '70', '8000', '无', '[]', '2025-03-01');
INSERT INTO `app_health` VALUES ('422', '男性', '31', '医生', '7.8', '7', '75', '6', '正常', '120/80', '70', '8000', '无', '[]', '2025-03-01');
INSERT INTO `app_health` VALUES ('423', '男性', '31', '医生', '7.7', '7', '75', '6', '正常', '120/80', '70', '8000', '无', '[]', '2025-03-01');
INSERT INTO `app_health` VALUES ('424', '男性', '31', '医生', '7.7', '7', '75', '6', '正常', '120/80', '70', '8000', '睡眠呼吸暂停', '[]', '2025-03-01');
INSERT INTO `app_health` VALUES ('425', '男性', '32', '工程师', '7.5', '8', '45', '3', '正常', '120/80', '70', '8000', '无', '[]', '2025-03-01');
INSERT INTO `app_health` VALUES ('426', '男性', '32', '工程师', '7.5', '8', '45', '3', '正常', '120/80', '70', '8000', '无', '[]', '2025-03-01');
INSERT INTO `app_health` VALUES ('427', '男性', '32', '医生', '6', '6', '30', '8', '正常', '125/80', '72', '5000', '无', '[]', '2025-03-01');
INSERT INTO `app_health` VALUES ('428', '男性', '32', '医生', '7.6', '7', '75', '6', '正常', '120/80', '70', '8000', '无', '[]', '2025-03-01');
INSERT INTO `app_health` VALUES ('429', '男性', '32', '医生', '6', '6', '30', '8', '正常', '125/80', '72', '5000', '无', '[]', '2025-03-01');
INSERT INTO `app_health` VALUES ('430', '男性', '32', '医生', '6', '6', '30', '8', '正常', '125/80', '72', '5000', '无', '[]', '2025-03-01');
INSERT INTO `app_health` VALUES ('431', '男性', '32', '医生', '7.7', '7', '75', '6', '正常', '120/80', '70', '8000', '无', '[]', '2025-03-01');
INSERT INTO `app_health` VALUES ('432', '男性', '32', '医生', '6', '6', '30', '8', '正常', '125/80', '72', '5000', '无', '[]', '2025-03-01');
INSERT INTO `app_health` VALUES ('433', '男性', '32', '医生', '6', '6', '30', '8', '正常', '125/80', '72', '5000', '无', '[]', '2025-03-01');
INSERT INTO `app_health` VALUES ('434', '男性', '32', '医生', '7.7', '7', '75', '6', '正常', '120/80', '70', '8000', '无', '[]', '2025-03-01');
INSERT INTO `app_health` VALUES ('435', '男性', '32', '医生', '6', '6', '30', '8', '正常', '125/80', '72', '5000', '无', '[]', '2025-03-01');
INSERT INTO `app_health` VALUES ('436', '男性', '32', '医生', '6', '6', '30', '8', '正常', '125/80', '72', '5000', '无', '[]', '2025-03-01');
INSERT INTO `app_health` VALUES ('437', '男性', '32', '医生', '6.2', '6', '30', '8', '正常', '125/80', '72', '5000', '无', '[]', '2025-03-01');
INSERT INTO `app_health` VALUES ('438', '男性', '32', '医生', '6.2', '6', '30', '8', '正常', '125/80', '72', '5000', '无', '[]', '2025-03-01');
INSERT INTO `app_health` VALUES ('439', '男性', '32', '医生', '6.2', '6', '30', '8', '正常', '125/80', '72', '5000', '无', '[]', '2025-03-01');
INSERT INTO `app_health` VALUES ('440', '男性', '32', '医生', '6.2', '6', '30', '8', '正常', '125/80', '72', '5000', '无', '[]', '2025-03-01');
INSERT INTO `app_health` VALUES ('441', '男性', '32', '会计师', '7.2', '8', '50', '6', '正常', '118/76', '68', '7000', '无', '[]', '2025-03-01');
INSERT INTO `app_health` VALUES ('442', '男性', '33', '医生', '6', '6', '30', '8', '正常', '125/80', '72', '5000', '失眠', '[]', '2025-03-01');
INSERT INTO `app_health` VALUES ('443', '女性', '33', '科学家', '6.2', '6', '50', '6', '超重', '128/85', '76', '5500', '无', '[]', '2025-03-01');
INSERT INTO `app_health` VALUES ('444', '女性', '33', '科学家', '6.2', '6', '50', '6', '超重', '128/85', '76', '5500', '无', '[]', '2025-03-01');
INSERT INTO `app_health` VALUES ('445', '男性', '33', '医生', '6.1', '6', '30', '8', '正常', '125/80', '72', '5000', '无', '[]', '2025-03-01');
INSERT INTO `app_health` VALUES ('446', '男性', '33', '医生', '6.1', '6', '30', '8', '正常', '125/80', '72', '5000', '无', '[]', '2025-03-01');
INSERT INTO `app_health` VALUES ('447', '男性', '33', '医生', '6.1', '6', '30', '8', '正常', '125/80', '72', '5000', '无', '[]', '2025-03-01');
INSERT INTO `app_health` VALUES ('448', '男性', '33', '医生', '6.1', '6', '30', '8', '正常', '125/80', '72', '5000', '无', '[]', '2025-03-01');
INSERT INTO `app_health` VALUES ('449', '男性', '33', '医生', '6', '6', '30', '8', '正常', '125/80', '72', '5000', '无', '[]', '2025-03-01');
INSERT INTO `app_health` VALUES ('450', '男性', '33', '医生', '6', '6', '30', '8', '正常', '125/80', '72', '5000', '无', '[]', '2025-03-01');
INSERT INTO `app_health` VALUES ('451', '男性', '33', '医生', '6', '6', '30', '8', '正常', '125/80', '72', '5000', '无', '[]', '2025-03-01');
INSERT INTO `app_health` VALUES ('452', '男性', '33', '医生', '6', '6', '30', '8', '正常', '125/80', '72', '5000', '无', '[]', '2025-03-01');
INSERT INTO `app_health` VALUES ('453', '男性', '33', '医生', '6', '6', '30', '8', '正常', '125/80', '72', '5000', '无', '[]', '2025-03-01');
INSERT INTO `app_health` VALUES ('454', '男性', '33', '医生', '6', '6', '30', '8', '正常', '125/80', '72', '5000', '无', '[]', '2025-03-01');
INSERT INTO `app_health` VALUES ('455', '女性', '34', '科学家', '5.8', '4', '32', '8', '超重', '131/86', '81', '5200', '睡眠呼吸暂停', '[]', '2025-03-01');
INSERT INTO `app_health` VALUES ('456', '女性', '34', '科学家', '5.8', '4', '32', '8', '超重', '131/86', '81', '5200', '睡眠呼吸暂停', '[]', '2025-03-01');
INSERT INTO `app_health` VALUES ('457', '男性', '35', '老师', '6.7', '7', '40', '5', '超重', '128/84', '70', '5600', '无', '[{\"author\": \"aaa\", \"score\": 4, \"content\": \"v\\u53cd\\u5bf9v\\u653e\\u5927\\u653e\\u5927\", \"date\": \"2025-3-1\", \"userId\": 1}]', '2025-03-01');
INSERT INTO `app_health` VALUES ('458', '男性', '35', '老师', '6.7', '7', '40', '5', '超重', '128/84', '70', '5600', '无', '[]', '2025-03-01');
INSERT INTO `app_health` VALUES ('459', '男性', '35', '软件工程师', '7.5', '8', '60', '5', '正常', '120/80', '70', '8000', '无', '[]', '2025-03-01');
INSERT INTO `app_health` VALUES ('460', '女性', '35', '会计师', '7.2', '8', '60', '4', '正常', '115/75', '68', '7000', '无', '[]', '2025-03-01');
INSERT INTO `app_health` VALUES ('461', '男性', '35', '工程师', '7.2', '8', '60', '4', '正常', '125/80', '65', '5000', '无', '[]', '2025-03-01');
INSERT INTO `app_health` VALUES ('462', '男性', '35', '工程师', '7.2', '8', '60', '4', '正常', '125/80', '65', '5000', '无', '[]', '2025-03-01');
INSERT INTO `app_health` VALUES ('463', '男性', '35', '工程师', '7.3', '8', '60', '4', '正常', '125/80', '65', '5000', '无', '[]', '2025-03-01');
INSERT INTO `app_health` VALUES ('464', '男性', '35', '工程师', '7.3', '8', '60', '4', '正常', '125/80', '65', '5000', '无', '[]', '2025-03-01');
INSERT INTO `app_health` VALUES ('465', '男性', '35', '工程师', '7.3', '8', '60', '4', '正常', '125/80', '65', '5000', '无', '[]', '2025-03-01');
INSERT INTO `app_health` VALUES ('466', '男性', '35', '工程师', '7.3', '8', '60', '4', '正常', '125/80', '65', '5000', '无', '[]', '2025-03-01');
INSERT INTO `app_health` VALUES ('467', '男性', '35', '软件工程师', '7.5', '8', '60', '5', '正常', '120/80', '70', '8000', '无', '[]', '2025-03-01');
INSERT INTO `app_health` VALUES ('468', '男性', '35', '律师', '7.4', '7', '60', '5', '肥胖', '135/88', '84', '3300', '睡眠呼吸暂停', '[]', '2025-03-01');
INSERT INTO `app_health` VALUES ('469', '女性', '36', '会计师', '7.2', '8', '60', '4', '正常', '115/75', '68', '7000', '失眠', '[]', '2025-03-01');
INSERT INTO `app_health` VALUES ('470', '女性', '36', '会计师', '7.1', '8', '60', '4', '正常', '115/75', '68', '7000', '无', '[]', '2025-03-01');
INSERT INTO `app_health` VALUES ('471', '女性', '36', '会计师', '7.2', '8', '60', '4', '正常', '115/75', '68', '7000', '无', '[]', '2025-03-01');
INSERT INTO `app_health` VALUES ('472', '女性', '36', '会计师', '7.1', '8', '60', '4', '正常', '115/75', '68', '7000', '无', '[]', '2025-03-01');
INSERT INTO `app_health` VALUES ('473', '女性', '36', '老师', '7.1', '8', '60', '4', '正常', '115/75', '68', '7000', '无', '[]', '2025-03-01');
INSERT INTO `app_health` VALUES ('474', '女性', '36', '老师', '7.1', '8', '60', '4', '正常', '115/75', '68', '7000', '无', '[]', '2025-03-01');
INSERT INTO `app_health` VALUES ('475', '女性', '36', '老师', '7.2', '8', '60', '4', '正常', '115/75', '68', '7000', '无', '[]', '2025-03-01');
INSERT INTO `app_health` VALUES ('476', '女性', '36', '老师', '7.2', '8', '60', '4', '正常', '115/75', '68', '7000', '无', '[]', '2025-03-01');
INSERT INTO `app_health` VALUES ('477', '女性', '36', '老师', '7.2', '8', '60', '4', '正常', '115/75', '68', '7000', '无', '[]', '2025-03-01');
INSERT INTO `app_health` VALUES ('478', '男性', '36', '老师', '6.6', '5', '35', '7', '超重', '129/84', '74', '4800', '睡眠呼吸暂停', '[]', '2025-03-01');
INSERT INTO `app_health` VALUES ('479', '女性', '36', '老师', '7.2', '8', '60', '4', '正常', '115/75', '68', '7000', '睡眠呼吸暂停', '[]', '2025-03-01');
INSERT INTO `app_health` VALUES ('480', '男性', '36', '老师', '6.6', '5', '35', '7', '超重', '129/84', '74', '4800', '失眠', '[]', '2025-03-01');
INSERT INTO `app_health` VALUES ('481', '女性', '37', '护士', '6.1', '6', '42', '6', '超重', '126/83', '77', '4200', '无', '[]', '2025-03-01');
INSERT INTO `app_health` VALUES ('482', '男性', '37', '工程师', '7.8', '8', '70', '4', '正常', '120/80', '68', '7000', '无', '[]', '2025-03-01');
INSERT INTO `app_health` VALUES ('483', '男性', '37', '工程师', '7.8', '8', '70', '4', '正常', '120/80', '68', '7000', '无', '[]', '2025-03-01');
INSERT INTO `app_health` VALUES ('484', '男性', '37', '律师', '7.4', '8', '60', '5', '正常', '130/85', '68', '8000', '无', '[]', '2025-03-01');
INSERT INTO `app_health` VALUES ('485', '女性', '37', '会计师', '7.2', '8', '60', '4', '正常', '115/75', '68', '7000', '无', '[]', '2025-03-01');
INSERT INTO `app_health` VALUES ('486', '男性', '37', '律师', '7.4', '8', '60', '5', '正常', '130/85', '68', '8000', '无', '[]', '2025-03-01');
INSERT INTO `app_health` VALUES ('487', '女性', '37', '会计师', '7.2', '8', '60', '4', '正常', '115/75', '68', '7000', '无', '[]', '2025-03-01');
INSERT INTO `app_health` VALUES ('488', '男性', '37', '律师', '7.4', '8', '60', '5', '正常', '130/85', '68', '8000', '无', '[]', '2025-03-01');
INSERT INTO `app_health` VALUES ('489', '女性', '37', '会计师', '7.2', '8', '60', '4', '正常', '115/75', '68', '7000', '无', '[]', '2025-03-01');
INSERT INTO `app_health` VALUES ('490', '女性', '37', '会计师', '7.2', '8', '60', '4', '正常', '115/75', '68', '7000', '无', '[]', '2025-03-01');
INSERT INTO `app_health` VALUES ('491', '女性', '37', '会计师', '7.2', '8', '60', '4', '正常', '115/75', '68', '7000', '无', '[]', '2025-03-01');
INSERT INTO `app_health` VALUES ('492', '女性', '37', '会计师', '7.2', '8', '60', '4', '正常', '115/75', '68', '7000', '无', '[]', '2025-03-01');
INSERT INTO `app_health` VALUES ('493', '女性', '37', '会计师', '7.2', '8', '60', '4', '正常', '115/75', '68', '7000', '无', '[]', '2025-03-01');
INSERT INTO `app_health` VALUES ('494', '女性', '37', '会计师', '7.2', '8', '60', '4', '正常', '115/75', '68', '7000', '无', '[]', '2025-03-01');
INSERT INTO `app_health` VALUES ('495', '女性', '37', '会计师', '7.2', '8', '60', '4', '正常', '115/75', '68', '7000', '无', '[]', '2025-03-01');
INSERT INTO `app_health` VALUES ('496', '女性', '37', '会计师', '7.2', '8', '60', '4', '正常', '115/75', '68', '7000', '无', '[]', '2025-03-01');
INSERT INTO `app_health` VALUES ('497', '女性', '37', '会计师', '7.2', '8', '60', '4', '正常', '115/75', '68', '7000', '无', '[]', '2025-03-01');
INSERT INTO `app_health` VALUES ('498', '女性', '37', '会计师', '7.2', '8', '60', '4', '正常', '115/75', '68', '7000', '无', '[]', '2025-03-01');
INSERT INTO `app_health` VALUES ('499', '女性', '37', '会计师', '7.2', '8', '60', '4', '正常', '115/75', '68', '7000', '无', '[]', '2025-03-01');
INSERT INTO `app_health` VALUES ('500', '女性', '37', '护士', '7.5', '8', '60', '4', '正常', '120/80', '70', '8000', '无', '[]', '2025-03-01');
INSERT INTO `app_health` VALUES ('501', '男性', '38', '律师', '7.3', '8', '60', '5', '正常', '130/85', '68', '8000', '无', '[]', '2025-03-01');
INSERT INTO `app_health` VALUES ('502', '女性', '38', '会计师', '7.1', '8', '60', '4', '正常', '115/75', '68', '7000', '无', '[]', '2025-03-01');
INSERT INTO `app_health` VALUES ('503', '男性', '38', '律师', '7.3', '8', '60', '5', '正常', '130/85', '68', '8000', '无', '[]', '2025-03-01');
INSERT INTO `app_health` VALUES ('504', '男性', '38', '律师', '7.3', '8', '60', '5', '正常', '130/85', '68', '8000', '无', '[]', '2025-03-01');
INSERT INTO `app_health` VALUES ('505', '女性', '38', '会计师', '7.1', '8', '60', '4', '正常', '115/75', '68', '7000', '无', '[]', '2025-03-01');
INSERT INTO `app_health` VALUES ('506', '男性', '38', '律师', '7.3', '8', '60', '5', '正常', '130/85', '68', '8000', '无', '[]', '2025-03-01');
INSERT INTO `app_health` VALUES ('507', '男性', '38', '律师', '7.3', '8', '60', '5', '正常', '130/85', '68', '8000', '无', '[]', '2025-03-01');
INSERT INTO `app_health` VALUES ('508', '女性', '38', '会计师', '7.1', '8', '60', '4', '正常', '115/75', '68', '7000', '无', '[]', '2025-03-01');
INSERT INTO `app_health` VALUES ('509', '男性', '38', '律师', '7.3', '8', '60', '5', '正常', '130/85', '68', '8000', '无', '[]', '2025-03-01');
INSERT INTO `app_health` VALUES ('510', '男性', '38', '律师', '7.3', '8', '60', '5', '正常', '130/85', '68', '8000', '无', '[]', '2025-03-01');
INSERT INTO `app_health` VALUES ('511', '女性', '38', '会计师', '7.1', '8', '60', '4', '正常', '115/75', '68', '7000', '无', '[]', '2025-03-01');
INSERT INTO `app_health` VALUES ('512', '男性', '38', '律师', '7.1', '8', '60', '5', '正常', '130/85', '68', '8000', '无', '[]', '2025-03-01');
INSERT INTO `app_health` VALUES ('513', '女性', '38', '会计师', '7.1', '8', '60', '4', '正常', '115/75', '68', '7000', '无', '[]', '2025-03-01');
INSERT INTO `app_health` VALUES ('514', '男性', '38', '律师', '7.1', '8', '60', '5', '正常', '130/85', '68', '8000', '无', '[]', '2025-03-01');
INSERT INTO `app_health` VALUES ('515', '女性', '38', '会计师', '7.1', '8', '60', '4', '正常', '115/75', '68', '7000', '无', '[]', '2025-03-01');
INSERT INTO `app_health` VALUES ('516', '男性', '38', '律师', '7.1', '8', '60', '5', '正常', '130/85', '68', '8000', '无', '[]', '2025-03-01');
INSERT INTO `app_health` VALUES ('517', '女性', '38', '会计师', '7.1', '8', '60', '4', '正常', '115/75', '68', '7000', '无', '[]', '2025-03-01');
INSERT INTO `app_health` VALUES ('518', '女性', '38', '会计师', '7.1', '8', '60', '4', '正常', '115/75', '68', '7000', '无', '[]', '2025-03-01');
INSERT INTO `app_health` VALUES ('519', '男性', '38', '律师', '7.1', '8', '60', '5', '正常', '130/85', '68', '8000', '睡眠呼吸暂停', '[]', '2025-03-01');
INSERT INTO `app_health` VALUES ('520', '女性', '38', '律师', '7.4', '7', '60', '5', '肥胖', '135/88', '84', '3300', '睡眠呼吸暂停', '[]', '2025-03-01');
INSERT INTO `app_health` VALUES ('521', '男性', '39', '律师', '7.2', '8', '60', '5', '正常', '130/85', '68', '8000', '失眠', '[]', '2025-03-01');
INSERT INTO `app_health` VALUES ('522', '男性', '39', '工程师', '6.5', '5', '40', '7', '超重', '132/87', '80', '4000', '失眠', '[]', '2025-03-01');
INSERT INTO `app_health` VALUES ('523', '女性', '39', '律师', '6.9', '7', '50', '6', '正常', '128/85', '75', '5500', '无', '[]', '2025-03-01');
INSERT INTO `app_health` VALUES ('524', '女性', '39', '会计师', '8', '9', '80', '3', '正常', '115/78', '67', '7500', '无', '[]', '2025-03-01');
INSERT INTO `app_health` VALUES ('525', '女性', '39', '会计师', '8', '9', '80', '3', '正常', '115/78', '67', '7500', '无', '[]', '2025-03-01');
INSERT INTO `app_health` VALUES ('526', '男性', '39', '律师', '7.2', '8', '60', '5', '正常', '130/85', '68', '8000', '无', '[]', '2025-03-01');
INSERT INTO `app_health` VALUES ('527', '男性', '39', '律师', '7.2', '8', '60', '5', '正常', '130/85', '68', '8000', '无', '[]', '2025-03-01');
INSERT INTO `app_health` VALUES ('528', '男性', '39', '律师', '7.2', '8', '60', '5', '正常', '130/85', '68', '8000', '无', '[]', '2025-03-01');
INSERT INTO `app_health` VALUES ('529', '男性', '39', '律师', '7.2', '8', '60', '5', '正常', '130/85', '68', '8000', '无', '[]', '2025-03-01');
INSERT INTO `app_health` VALUES ('530', '男性', '39', '律师', '7.2', '8', '60', '5', '正常', '130/85', '68', '8000', '无', '[]', '2025-03-01');
INSERT INTO `app_health` VALUES ('531', '男性', '39', '律师', '7.2', '8', '60', '5', '正常', '130/85', '68', '8000', '无', '[]', '2025-03-01');
INSERT INTO `app_health` VALUES ('532', '男性', '39', '律师', '7.2', '8', '60', '5', '正常', '130/85', '68', '8000', '无', '[]', '2025-03-01');
INSERT INTO `app_health` VALUES ('533', '男性', '39', '律师', '7.2', '8', '60', '5', '正常', '130/85', '68', '8000', '无', '[]', '2025-03-01');
INSERT INTO `app_health` VALUES ('534', '男性', '39', '律师', '7.2', '8', '60', '5', '正常', '130/85', '68', '8000', '无', '[]', '2025-03-01');
INSERT INTO `app_health` VALUES ('535', '男性', '39', '律师', '7.2', '8', '60', '5', '正常', '130/85', '68', '8000', '无', '[]', '2025-03-01');
INSERT INTO `app_health` VALUES ('536', '女性', '40', '会计师', '7.2', '8', '55', '6', '正常', '119/77', '73', '7300', '无', '[]', '2025-03-01');
INSERT INTO `app_health` VALUES ('537', '女性', '40', '会计师', '7.2', '8', '55', '6', '正常', '119/77', '73', '7300', '无', '[]', '2025-03-01');
INSERT INTO `app_health` VALUES ('538', '男性', '40', '律师', '7.9', '8', '90', '5', '正常', '130/85', '68', '8000', '无', '[]', '2025-03-01');
INSERT INTO `app_health` VALUES ('539', '男性', '40', '律师', '7.9', '8', '90', '5', '正常', '130/85', '68', '8000', '无', '[]', '2025-03-01');
INSERT INTO `app_health` VALUES ('540', '男性', '41', '律师', '7.6', '8', '90', '5', '正常', '130/85', '70', '8000', '失眠', '[]', '2025-03-01');
INSERT INTO `app_health` VALUES ('541', '男性', '41', '工程师', '7.3', '8', '70', '6', '正常', '121/79', '72', '6200', '无', '[]', '2025-03-01');
INSERT INTO `app_health` VALUES ('542', '男性', '41', '律师', '7.1', '7', '55', '6', '超重', '125/82', '72', '6000', '无', '[]', '2025-03-01');
INSERT INTO `app_health` VALUES ('543', '男性', '41', '律师', '7.1', '7', '55', '6', '超重', '125/82', '72', '6000', '无', '[]', '2025-03-01');
INSERT INTO `app_health` VALUES ('544', '男性', '41', '律师', '7.7', '8', '90', '5', '正常', '130/85', '70', '8000', '无', '[]', '2025-03-01');
INSERT INTO `app_health` VALUES ('545', '男性', '41', '律师', '7.7', '8', '90', '5', '正常', '130/85', '70', '8000', '无', '[]', '2025-03-01');
INSERT INTO `app_health` VALUES ('546', '男性', '41', '律师', '7.7', '8', '90', '5', '正常', '130/85', '70', '8000', '无', '[]', '2025-03-01');
INSERT INTO `app_health` VALUES ('547', '男性', '41', '律师', '7.7', '8', '90', '5', '正常', '130/85', '70', '8000', '无', '[]', '2025-03-01');
INSERT INTO `app_health` VALUES ('548', '男性', '41', '律师', '7.7', '8', '90', '5', '正常', '130/85', '70', '8000', '无', '[]', '2025-03-01');
INSERT INTO `app_health` VALUES ('549', '男性', '41', '律师', '7.6', '8', '90', '5', '正常', '130/85', '70', '8000', '无', '[]', '2025-03-01');
INSERT INTO `app_health` VALUES ('550', '男性', '41', '律师', '7.6', '8', '90', '5', '正常', '130/85', '70', '8000', '无', '[]', '2025-03-01');
INSERT INTO `app_health` VALUES ('551', '男性', '41', '律师', '7.6', '8', '90', '5', '正常', '130/85', '70', '8000', '无', '[]', '2025-03-01');
INSERT INTO `app_health` VALUES ('552', '男性', '42', '营业员', '6.5', '6', '45', '7', '超重', '130/85', '72', '6000', '失眠', '[]', '2025-03-01');
INSERT INTO `app_health` VALUES ('553', '男性', '42', '律师', '7.8', '8', '90', '5', '正常', '130/85', '70', '8000', '无', '[]', '2025-03-01');
INSERT INTO `app_health` VALUES ('554', '男性', '42', '律师', '7.8', '8', '90', '5', '正常', '130/85', '70', '8000', '无', '[]', '2025-03-01');
INSERT INTO `app_health` VALUES ('555', '男性', '42', '律师', '7.8', '8', '90', '5', '正常', '130/85', '70', '8000', '无', '[]', '2025-03-01');
INSERT INTO `app_health` VALUES ('556', '男性', '42', '律师', '7.8', '8', '90', '5', '正常', '130/85', '70', '8000', '无', '[]', '2025-03-01');
INSERT INTO `app_health` VALUES ('557', '男性', '42', '律师', '7.8', '8', '90', '5', '正常', '130/85', '70', '8000', '无', '[]', '2025-03-01');
INSERT INTO `app_health` VALUES ('558', '男性', '42', '律师', '7.8', '8', '90', '5', '正常', '130/85', '70', '8000', '无', '[]', '2025-03-01');
INSERT INTO `app_health` VALUES ('559', '女性', '42', '老师', '6.8', '6', '45', '7', '超重', '130/85', '78', '5000', '睡眠呼吸暂停', '[]', '2025-03-01');
INSERT INTO `app_health` VALUES ('560', '女性', '42', '老师', '6.8', '6', '45', '7', '超重', '130/85', '78', '5000', '睡眠呼吸暂停', '[]', '2025-03-01');
INSERT INTO `app_health` VALUES ('561', '女性', '43', '老师', '6.7', '7', '45', '4', '超重', '135/90', '65', '6000', '失眠', '[]', '2025-03-01');
INSERT INTO `app_health` VALUES ('562', '男性', '43', '营业员', '6.3', '6', '45', '7', '超重', '130/85', '72', '6000', '失眠', '[]', '2025-03-01');
INSERT INTO `app_health` VALUES ('563', '女性', '43', '老师', '6.7', '7', '45', '4', '超重', '135/90', '65', '6000', '失眠', '[]', '2025-03-01');
INSERT INTO `app_health` VALUES ('564', '男性', '43', '营业员', '6.5', '6', '45', '7', '超重', '130/85', '72', '6000', '失眠', '[]', '2025-03-01');
INSERT INTO `app_health` VALUES ('565', '女性', '43', '老师', '6.7', '7', '45', '4', '超重', '135/90', '65', '6000', '失眠', '[]', '2025-03-01');
INSERT INTO `app_health` VALUES ('566', '男性', '43', '营业员', '6.4', '6', '45', '7', '超重', '130/85', '72', '6000', '失眠', '[]', '2025-03-01');
INSERT INTO `app_health` VALUES ('567', '男性', '43', '营业员', '6.5', '6', '45', '7', '超重', '130/85', '72', '6000', '失眠', '[]', '2025-03-01');
INSERT INTO `app_health` VALUES ('568', '男性', '43', '营业员', '6.5', '6', '45', '7', '超重', '130/85', '72', '6000', '失眠', '[]', '2025-03-01');
INSERT INTO `app_health` VALUES ('569', '男性', '43', '营业员', '6.5', '6', '45', '7', '超重', '130/85', '72', '6000', '失眠', '[]', '2025-03-01');
INSERT INTO `app_health` VALUES ('570', '男性', '43', '营业员', '6.5', '6', '45', '7', '超重', '130/85', '72', '6000', '失眠', '[]', '2025-03-01');
INSERT INTO `app_health` VALUES ('571', '男性', '43', '营业员', '6.5', '6', '45', '7', '超重', '130/85', '72', '6000', '失眠', '[]', '2025-03-01');
INSERT INTO `app_health` VALUES ('572', '男性', '43', '营业员', '6.5', '6', '45', '7', '超重', '130/85', '72', '6000', '失眠', '[]', '2025-03-01');
INSERT INTO `app_health` VALUES ('573', '男性', '43', '营业员', '6.5', '6', '45', '7', '超重', '130/85', '72', '6000', '失眠', '[]', '2025-03-01');
INSERT INTO `app_health` VALUES ('574', '男性', '43', '营业员', '6.5', '6', '45', '7', '超重', '130/85', '72', '6000', '失眠', '[]', '2025-03-01');
INSERT INTO `app_health` VALUES ('575', '男性', '43', '营业员', '6.5', '6', '45', '7', '超重', '130/85', '72', '6000', '失眠', '[]', '2025-03-01');
INSERT INTO `app_health` VALUES ('576', '男性', '43', '工程师', '7.8', '8', '90', '5', '正常', '130/85', '70', '8000', '失眠', '[]', '2025-03-01');
INSERT INTO `app_health` VALUES ('577', '男性', '43', '工程师', '7.8', '8', '90', '5', '正常', '130/85', '70', '8000', '失眠', '[]', '2025-03-01');
INSERT INTO `app_health` VALUES ('578', '男性', '43', '工程师', '6.9', '6', '47', '7', '正常', '117/76', '69', '6800', '无', '[]', '2025-03-01');
INSERT INTO `app_health` VALUES ('579', '男性', '43', '工程师', '7.6', '8', '75', '4', '超重', '122/80', '68', '6800', '无', '[]', '2025-03-01');
INSERT INTO `app_health` VALUES ('580', '男性', '43', '工程师', '7.7', '8', '90', '5', '正常', '130/85', '70', '8000', '无', '[]', '2025-03-01');
INSERT INTO `app_health` VALUES ('581', '男性', '43', '工程师', '7.7', '8', '90', '5', '正常', '130/85', '70', '8000', '无', '[]', '2025-03-01');
INSERT INTO `app_health` VALUES ('582', '男性', '43', '工程师', '7.7', '8', '90', '5', '正常', '130/85', '70', '8000', '无', '[]', '2025-03-01');
INSERT INTO `app_health` VALUES ('583', '男性', '43', '工程师', '7.7', '8', '90', '5', '正常', '130/85', '70', '8000', '无', '[]', '2025-03-01');
INSERT INTO `app_health` VALUES ('584', '男性', '43', '工程师', '7.8', '8', '90', '5', '正常', '130/85', '70', '8000', '无', '[]', '2025-03-01');
INSERT INTO `app_health` VALUES ('585', '男性', '43', '工程师', '7.7', '8', '90', '5', '正常', '130/85', '70', '8000', '无', '[]', '2025-03-01');
INSERT INTO `app_health` VALUES ('586', '男性', '43', '工程师', '7.8', '8', '90', '5', '正常', '130/85', '70', '8000', '无', '[]', '2025-03-01');
INSERT INTO `app_health` VALUES ('587', '男性', '43', '工程师', '7.8', '8', '90', '5', '正常', '130/85', '70', '8000', '无', '[]', '2025-03-01');
INSERT INTO `app_health` VALUES ('588', '男性', '43', '工程师', '7.8', '8', '90', '5', '正常', '130/85', '70', '8000', '无', '[]', '2025-03-01');
INSERT INTO `app_health` VALUES ('589', '男性', '43', '工程师', '7.8', '8', '90', '5', '正常', '130/85', '70', '8000', '无', '[]', '2025-03-01');
INSERT INTO `app_health` VALUES ('590', '男性', '43', '工程师', '7.8', '8', '90', '5', '正常', '130/85', '70', '8000', '无', '[]', '2025-03-01');
INSERT INTO `app_health` VALUES ('591', '男性', '43', '工程师', '7.8', '8', '90', '5', '正常', '130/85', '70', '8000', '无', '[]', '2025-03-01');
INSERT INTO `app_health` VALUES ('592', '男性', '43', '工程师', '7.8', '8', '90', '5', '正常', '130/85', '70', '8000', '无', '[]', '2025-03-01');
INSERT INTO `app_health` VALUES ('593', '男性', '43', '工程师', '7.8', '8', '90', '5', '正常', '130/85', '70', '8000', '睡眠呼吸暂停', '[]', '2025-03-01');
INSERT INTO `app_health` VALUES ('594', '男性', '43', '营业员', '6.5', '6', '45', '7', '超重', '130/85', '72', '6000', '睡眠呼吸暂停', '[]', '2025-03-01');
INSERT INTO `app_health` VALUES ('595', '女性', '44', '老师', '6.6', '7', '45', '4', '超重', '135/90', '65', '6000', '失眠', '[]', '2025-03-01');
INSERT INTO `app_health` VALUES ('596', '男性', '44', '营业员', '6.4', '6', '45', '7', '超重', '130/85', '72', '6000', '失眠', '[]', '2025-03-01');
INSERT INTO `app_health` VALUES ('597', '男性', '44', '营业员', '6.3', '6', '45', '7', '超重', '130/85', '72', '6000', '失眠', '[]', '2025-03-01');
INSERT INTO `app_health` VALUES ('598', '男性', '44', '营业员', '6.4', '6', '45', '7', '超重', '130/85', '72', '6000', '失眠', '[]', '2025-03-01');
INSERT INTO `app_health` VALUES ('599', '女性', '44', '老师', '6.6', '7', '45', '4', '超重', '135/90', '65', '6000', '失眠', '[]', '2025-03-01');
INSERT INTO `app_health` VALUES ('600', '男性', '44', '营业员', '6.3', '6', '45', '7', '超重', '130/85', '72', '6000', '失眠', '[]', '2025-03-01');
INSERT INTO `app_health` VALUES ('601', '女性', '44', '老师', '6.6', '7', '45', '4', '超重', '135/90', '65', '6000', '失眠', '[]', '2025-03-01');
INSERT INTO `app_health` VALUES ('602', '男性', '44', '营业员', '6.3', '6', '45', '7', '超重', '130/85', '72', '6000', '失眠', '[]', '2025-03-01');
INSERT INTO `app_health` VALUES ('603', '女性', '44', '老师', '6.6', '7', '45', '4', '超重', '135/90', '65', '6000', '失眠', '[]', '2025-03-01');
INSERT INTO `app_health` VALUES ('604', '男性', '44', '营业员', '6.3', '6', '45', '7', '超重', '130/85', '72', '6000', '失眠', '[]', '2025-03-01');
INSERT INTO `app_health` VALUES ('605', '女性', '44', '老师', '6.6', '7', '45', '4', '超重', '135/90', '65', '6000', '失眠', '[]', '2025-03-01');
INSERT INTO `app_health` VALUES ('606', '男性', '44', '营业员', '6.3', '6', '45', '7', '超重', '130/85', '72', '6000', '失眠', '[]', '2025-03-01');
INSERT INTO `app_health` VALUES ('607', '女性', '44', '老师', '6.6', '7', '45', '4', '超重', '135/90', '65', '6000', '失眠', '[]', '2025-03-01');
INSERT INTO `app_health` VALUES ('608', '男性', '44', '营业员', '6.3', '6', '45', '7', '超重', '130/85', '72', '6000', '失眠', '[]', '2025-03-01');
INSERT INTO `app_health` VALUES ('609', '女性', '44', '老师', '6.6', '7', '45', '4', '超重', '135/90', '65', '6000', '失眠', '[]', '2025-03-01');
INSERT INTO `app_health` VALUES ('610', '男性', '44', '营业员', '6.3', '6', '45', '7', '超重', '130/85', '72', '6000', '失眠', '[]', '2025-03-01');
INSERT INTO `app_health` VALUES ('611', '男性', '44', '营业员', '6.4', '6', '45', '7', '超重', '130/85', '72', '6000', '失眠', '[]', '2025-03-01');
INSERT INTO `app_health` VALUES ('612', '女性', '44', '老师', '6.5', '7', '45', '4', '超重', '135/90', '65', '6000', '失眠', '[]', '2025-03-01');
INSERT INTO `app_health` VALUES ('613', '男性', '44', '营业员', '6.3', '6', '45', '7', '超重', '130/85', '72', '6000', '失眠', '[]', '2025-03-01');
INSERT INTO `app_health` VALUES ('614', '男性', '44', '营业员', '6.4', '6', '45', '7', '超重', '130/85', '72', '6000', '失眠', '[]', '2025-03-01');
INSERT INTO `app_health` VALUES ('615', '女性', '44', '老师', '6.5', '7', '45', '4', '超重', '135/90', '65', '6000', '失眠', '[]', '2025-03-01');
INSERT INTO `app_health` VALUES ('616', '男性', '44', '营业员', '6.3', '6', '45', '7', '超重', '130/85', '72', '6000', '失眠', '[]', '2025-03-01');
INSERT INTO `app_health` VALUES ('617', '男性', '44', '营业员', '6.4', '6', '45', '7', '超重', '130/85', '72', '6000', '失眠', '[]', '2025-03-01');
INSERT INTO `app_health` VALUES ('618', '女性', '44', '老师', '6.5', '7', '45', '4', '超重', '135/90', '65', '6000', '失眠', '[]', '2025-03-01');
INSERT INTO `app_health` VALUES ('619', '男性', '44', '营业员', '6.3', '6', '45', '7', '超重', '130/85', '72', '6000', '失眠', '[]', '2025-03-01');
INSERT INTO `app_health` VALUES ('620', '女性', '44', '老师', '6.5', '7', '45', '4', '超重', '135/90', '65', '6000', '失眠', '[]', '2025-03-01');
INSERT INTO `app_health` VALUES ('621', '男性', '44', '营业员', '6.3', '6', '45', '7', '超重', '130/85', '72', '6000', '失眠', '[]', '2025-03-01');
INSERT INTO `app_health` VALUES ('622', '男性', '44', '工程师', '6.8', '7', '45', '7', '超重', '130/85', '78', '5000', '失眠', '[]', '2025-03-01');
INSERT INTO `app_health` VALUES ('623', '男性', '44', '营业员', '6.4', '6', '45', '7', '超重', '130/85', '72', '6000', '无', '[]', '2025-03-01');
INSERT INTO `app_health` VALUES ('624', '男性', '44', '营业员', '6.5', '6', '45', '7', '超重', '130/85', '72', '6000', '无', '[]', '2025-03-01');
INSERT INTO `app_health` VALUES ('625', '女性', '45', '老师', '6.8', '7', '30', '6', '超重', '135/90', '65', '6000', '失眠', '[]', '2025-03-01');
INSERT INTO `app_health` VALUES ('626', '女性', '45', '老师', '6.8', '7', '30', '6', '超重', '135/90', '65', '6000', '失眠', '[]', '2025-03-01');
INSERT INTO `app_health` VALUES ('627', '女性', '45', '老师', '6.5', '7', '45', '4', '超重', '135/90', '65', '6000', '失眠', '[]', '2025-03-01');
INSERT INTO `app_health` VALUES ('628', '女性', '45', '老师', '6.5', '7', '45', '4', '超重', '135/90', '65', '6000', '失眠', '[]', '2025-03-01');
INSERT INTO `app_health` VALUES ('629', '女性', '45', '老师', '6.5', '7', '45', '4', '超重', '135/90', '65', '6000', '失眠', '[]', '2025-03-01');
INSERT INTO `app_health` VALUES ('630', '女性', '45', '老师', '6.5', '7', '45', '4', '超重', '135/90', '65', '6000', '失眠', '[]', '2025-03-01');
INSERT INTO `app_health` VALUES ('631', '女性', '45', '老师', '6.6', '7', '45', '4', '超重', '135/90', '65', '6000', '失眠', '[]', '2025-03-01');
INSERT INTO `app_health` VALUES ('632', '女性', '45', '老师', '6.6', '7', '45', '4', '超重', '135/90', '65', '6000', '失眠', '[]', '2025-03-01');
INSERT INTO `app_health` VALUES ('633', '女性', '45', '老师', '6.6', '7', '45', '4', '超重', '135/90', '65', '6000', '失眠', '[]', '2025-03-01');
INSERT INTO `app_health` VALUES ('634', '女性', '45', '老师', '6.6', '7', '45', '4', '超重', '135/90', '65', '6000', '失眠', '[]', '2025-03-01');
INSERT INTO `app_health` VALUES ('635', '女性', '45', '老师', '6.6', '7', '45', '4', '超重', '135/90', '65', '6000', '失眠', '[]', '2025-03-01');
INSERT INTO `app_health` VALUES ('636', '女性', '45', '老师', '6.6', '7', '45', '4', '超重', '135/90', '65', '6000', '无', '[]', '2025-03-01');
INSERT INTO `app_health` VALUES ('637', '女性', '45', '老师', '6.6', '7', '45', '4', '超重', '135/90', '65', '6000', '无', '[]', '2025-03-01');
INSERT INTO `app_health` VALUES ('638', '女性', '45', '主管', '6.9', '7', '55', '5', '超重', '125/82', '75', '5500', '无', '[]', '2025-03-01');
INSERT INTO `app_health` VALUES ('639', '男性', '48', '医生', '7.3', '7', '65', '5', '肥胖', '142/92', '83', '3500', '失眠', '[]', '2025-03-01');
INSERT INTO `app_health` VALUES ('640', '女性', '48', '护士', '5.9', '6', '90', '8', '超重', '140/95', '75', '10000', '睡眠呼吸暂停', '[]', '2025-03-01');
INSERT INTO `app_health` VALUES ('641', '男性', '48', '医生', '7.3', '7', '65', '5', '肥胖', '142/92', '83', '3500', '失眠', '[]', '2025-03-01');
INSERT INTO `app_health` VALUES ('642', '女性', '49', '护士', '6.2', '6', '90', '8', '超重', '140/95', '75', '10000', '无', '[]', '2025-03-01');
INSERT INTO `app_health` VALUES ('643', '女性', '49', '护士', '6', '6', '90', '8', '超重', '140/95', '75', '10000', '睡眠呼吸暂停', '[]', '2025-03-01');
INSERT INTO `app_health` VALUES ('644', '女性', '49', '护士', '6.1', '6', '90', '8', '超重', '140/95', '75', '10000', '睡眠呼吸暂停', '[]', '2025-03-01');
INSERT INTO `app_health` VALUES ('645', '女性', '49', '护士', '6.1', '6', '90', '8', '超重', '140/95', '75', '10000', '睡眠呼吸暂停', '[]', '2025-03-01');
INSERT INTO `app_health` VALUES ('646', '女性', '49', '护士', '6.1', '6', '90', '8', '超重', '140/95', '75', '10000', '睡眠呼吸暂停', '[]', '2025-03-01');
INSERT INTO `app_health` VALUES ('647', '女性', '49', '护士', '6.1', '6', '90', '8', '超重', '140/95', '75', '10000', '睡眠呼吸暂停', '[]', '2025-03-01');
INSERT INTO `app_health` VALUES ('648', '女性', '49', '护士', '6.2', '6', '90', '8', '超重', '140/95', '75', '10000', '睡眠呼吸暂停', '[]', '2025-03-01');
INSERT INTO `app_health` VALUES ('649', '女性', '49', '护士', '6.2', '6', '90', '8', '超重', '140/95', '75', '10000', '睡眠呼吸暂停', '[]', '2025-03-01');
INSERT INTO `app_health` VALUES ('650', '女性', '49', '护士', '6.2', '6', '90', '8', '超重', '140/95', '75', '10000', '睡眠呼吸暂停', '[]', '2025-03-01');
INSERT INTO `app_health` VALUES ('651', '男性', '49', '医生', '8.1', '9', '85', '3', '肥胖', '139/91', '86', '3700', '睡眠呼吸暂停', '[]', '2025-03-01');
INSERT INTO `app_health` VALUES ('652', '男性', '49', '医生', '8.1', '9', '85', '3', '肥胖', '139/91', '86', '3700', '睡眠呼吸暂停', '[]', '2025-03-01');
INSERT INTO `app_health` VALUES ('653', '女性', '50', '护士', '6.1', '6', '90', '8', '超重', '140/95', '75', '10000', '失眠', '[]', '2025-03-01');
INSERT INTO `app_health` VALUES ('654', '女性', '50', '工程师', '8.3', '9', '30', '3', '正常', '125/80', '65', '5000', '无', '[]', '2025-03-01');
INSERT INTO `app_health` VALUES ('655', '女性', '50', '护士', '6', '6', '90', '8', '超重', '140/95', '75', '10000', '无', '[]', '2025-03-01');
INSERT INTO `app_health` VALUES ('656', '女性', '50', '护士', '6.1', '6', '90', '8', '超重', '140/95', '75', '10000', '睡眠呼吸暂停', '[]', '2025-03-01');
INSERT INTO `app_health` VALUES ('657', '女性', '50', '护士', '6', '6', '90', '8', '超重', '140/95', '75', '10000', '睡眠呼吸暂停', '[]', '2025-03-01');
INSERT INTO `app_health` VALUES ('658', '女性', '50', '护士', '6', '6', '90', '8', '超重', '140/95', '75', '10000', '睡眠呼吸暂停', '[]', '2025-03-01');
INSERT INTO `app_health` VALUES ('659', '女性', '50', '护士', '6', '6', '90', '8', '超重', '140/95', '75', '10000', '睡眠呼吸暂停', '[]', '2025-03-01');
INSERT INTO `app_health` VALUES ('660', '女性', '50', '护士', '6', '6', '90', '8', '超重', '140/95', '75', '10000', '睡眠呼吸暂停', '[]', '2025-03-01');
INSERT INTO `app_health` VALUES ('661', '女性', '50', '护士', '6', '6', '90', '8', '超重', '140/95', '75', '10000', '睡眠呼吸暂停', '[]', '2025-03-01');
INSERT INTO `app_health` VALUES ('662', '女性', '50', '护士', '6', '6', '90', '8', '超重', '140/95', '75', '10000', '睡眠呼吸暂停', '[]', '2025-03-01');
INSERT INTO `app_health` VALUES ('663', '女性', '50', '护士', '6', '6', '90', '8', '超重', '140/95', '75', '10000', '睡眠呼吸暂停', '[]', '2025-03-01');
INSERT INTO `app_health` VALUES ('664', '女性', '50', '护士', '6.1', '6', '90', '8', '超重', '140/95', '75', '10000', '睡眠呼吸暂停', '[]', '2025-03-01');
INSERT INTO `app_health` VALUES ('665', '女性', '50', '护士', '6', '6', '90', '8', '超重', '140/95', '75', '10000', '睡眠呼吸暂停', '[]', '2025-03-01');
INSERT INTO `app_health` VALUES ('666', '女性', '50', '护士', '6.1', '6', '90', '8', '超重', '140/95', '75', '10000', '睡眠呼吸暂停', '[]', '2025-03-01');
INSERT INTO `app_health` VALUES ('667', '女性', '50', '护士', '6.1', '6', '90', '8', '超重', '140/95', '75', '10000', '睡眠呼吸暂停', '[]', '2025-03-01');
INSERT INTO `app_health` VALUES ('668', '女性', '50', '护士', '6', '6', '90', '8', '超重', '140/95', '75', '10000', '睡眠呼吸暂停', '[]', '2025-03-01');
INSERT INTO `app_health` VALUES ('669', '女性', '50', '护士', '6.1', '6', '90', '8', '超重', '140/95', '75', '10000', '睡眠呼吸暂停', '[]', '2025-03-01');
INSERT INTO `app_health` VALUES ('670', '女性', '50', '护士', '6', '6', '90', '8', '超重', '140/95', '75', '10000', '睡眠呼吸暂停', '[]', '2025-03-01');
INSERT INTO `app_health` VALUES ('671', '女性', '50', '护士', '6.1', '6', '90', '8', '超重', '140/95', '75', '10000', '睡眠呼吸暂停', '[]', '2025-03-01');
INSERT INTO `app_health` VALUES ('672', '女性', '50', '护士', '6.1', '6', '90', '8', '超重', '140/95', '75', '10000', '睡眠呼吸暂停', '[]', '2025-03-01');
INSERT INTO `app_health` VALUES ('673', '女性', '51', '工程师', '8.5', '9', '30', '3', '正常', '125/80', '65', '5000', '无', '[]', '2025-03-01');
INSERT INTO `app_health` VALUES ('674', '女性', '51', '工程师', '8.5', '9', '30', '3', '正常', '125/80', '65', '5000', '无', '[]', '2025-03-01');
INSERT INTO `app_health` VALUES ('675', '女性', '51', '工程师', '8.5', '9', '30', '3', '正常', '125/80', '65', '5000', '无', '[]', '2025-03-01');
INSERT INTO `app_health` VALUES ('676', '女性', '51', '工程师', '8.5', '9', '30', '3', '正常', '125/80', '65', '5000', '无', '[]', '2025-03-01');
INSERT INTO `app_health` VALUES ('677', '女性', '51', '护士', '7.1', '7', '55', '6', '正常', '125/82', '72', '6000', '无', '[]', '2025-03-01');
INSERT INTO `app_health` VALUES ('678', '女性', '51', '护士', '6', '6', '90', '8', '超重', '140/95', '75', '10000', '睡眠呼吸暂停', '[]', '2025-03-01');
INSERT INTO `app_health` VALUES ('679', '女性', '51', '护士', '6.1', '6', '90', '8', '超重', '140/95', '75', '10000', '睡眠呼吸暂停', '[]', '2025-03-01');
INSERT INTO `app_health` VALUES ('680', '女性', '51', '护士', '6.1', '6', '90', '8', '超重', '140/95', '75', '10000', '睡眠呼吸暂停', '[]', '2025-03-01');
INSERT INTO `app_health` VALUES ('681', '女性', '52', '会计师', '6.5', '7', '45', '7', '超重', '130/85', '72', '6000', '失眠', '[]', '2025-03-01');
INSERT INTO `app_health` VALUES ('682', '女性', '52', '会计师', '6.5', '7', '45', '7', '超重', '130/85', '72', '6000', '失眠', '[]', '2025-03-01');
INSERT INTO `app_health` VALUES ('683', '女性', '52', '会计师', '6.6', '7', '45', '7', '超重', '130/85', '72', '6000', '失眠', '[]', '2025-03-01');
INSERT INTO `app_health` VALUES ('684', '女性', '52', '会计师', '6.6', '7', '45', '7', '超重', '130/85', '72', '6000', '失眠', '[]', '2025-03-01');
INSERT INTO `app_health` VALUES ('685', '女性', '52', '会计师', '6.6', '7', '45', '7', '超重', '130/85', '72', '6000', '失眠', '[]', '2025-03-01');
INSERT INTO `app_health` VALUES ('686', '女性', '52', '会计师', '6.6', '7', '45', '7', '超重', '130/85', '72', '6000', '失眠', '[]', '2025-03-01');
INSERT INTO `app_health` VALUES ('687', '女性', '52', '工程师', '8.4', '9', '30', '3', '正常', '125/80', '65', '5000', '无', '[]', '2025-03-01');
INSERT INTO `app_health` VALUES ('688', '女性', '52', '工程师', '8.4', '9', '30', '3', '正常', '125/80', '65', '5000', '无', '[]', '2025-03-01');
INSERT INTO `app_health` VALUES ('689', '女性', '52', '工程师', '8.4', '9', '30', '3', '正常', '125/80', '65', '5000', '无', '[]', '2025-03-01');
INSERT INTO `app_health` VALUES ('690', '女性', '53', '工程师', '8.3', '9', '30', '3', '正常', '125/80', '65', '5000', '失眠', '[]', '2025-03-01');
INSERT INTO `app_health` VALUES ('691', '女性', '53', '工程师', '8.5', '9', '30', '3', '正常', '125/80', '65', '5000', '无', '[]', '2025-03-01');
INSERT INTO `app_health` VALUES ('692', '女性', '53', '工程师', '8.5', '9', '30', '3', '正常', '125/80', '65', '5000', '无', '[]', '2025-03-01');
INSERT INTO `app_health` VALUES ('693', '女性', '53', '工程师', '8.4', '9', '30', '3', '正常', '125/80', '65', '5000', '无', '[]', '2025-03-01');
INSERT INTO `app_health` VALUES ('694', '女性', '53', '工程师', '8.4', '9', '30', '3', '正常', '125/80', '65', '5000', '无', '[]', '2025-03-01');
INSERT INTO `app_health` VALUES ('695', '女性', '53', '工程师', '8.5', '9', '30', '3', '正常', '125/80', '65', '5000', '无', '[]', '2025-03-01');
INSERT INTO `app_health` VALUES ('696', '女性', '53', '工程师', '8.4', '9', '30', '3', '正常', '125/80', '65', '5000', '无', '[]', '2025-03-01');
INSERT INTO `app_health` VALUES ('697', '女性', '53', '工程师', '8.4', '9', '30', '3', '正常', '125/80', '65', '5000', '无', '[]', '2025-03-01');
INSERT INTO `app_health` VALUES ('698', '女性', '53', '工程师', '8.5', '9', '30', '3', '正常', '125/80', '65', '5000', '无', '[]', '2025-03-01');
INSERT INTO `app_health` VALUES ('699', '女性', '53', '工程师', '8.3', '9', '30', '3', '正常', '125/80', '65', '5000', '无', '[]', '2025-03-01');
INSERT INTO `app_health` VALUES ('700', '女性', '53', '工程师', '8.5', '9', '30', '3', '正常', '125/80', '65', '5000', '无', '[]', '2025-03-01');
INSERT INTO `app_health` VALUES ('701', '女性', '53', '工程师', '8.3', '9', '30', '3', '正常', '125/80', '65', '5000', '无', '[]', '2025-03-01');
INSERT INTO `app_health` VALUES ('702', '女性', '53', '工程师', '8.5', '9', '30', '3', '正常', '125/80', '65', '5000', '无', '[]', '2025-03-01');
INSERT INTO `app_health` VALUES ('703', '女性', '53', '工程师', '8.3', '9', '30', '3', '正常', '125/80', '65', '5000', '无', '[]', '2025-03-01');
INSERT INTO `app_health` VALUES ('704', '女性', '53', '工程师', '8.5', '9', '30', '3', '正常', '125/80', '65', '5000', '无', '[]', '2025-03-01');
INSERT INTO `app_health` VALUES ('705', '女性', '53', '工程师', '8.5', '9', '30', '3', '正常', '125/80', '65', '5000', '无', '[]', '2025-03-01');
INSERT INTO `app_health` VALUES ('706', '女性', '53', '工程师', '8.4', '9', '30', '3', '正常', '125/80', '65', '5000', '无', '[]', '2025-03-01');
INSERT INTO `app_health` VALUES ('707', '女性', '54', '工程师', '8.4', '9', '30', '3', '正常', '125/80', '65', '5000', '无', '[]', '2025-03-01');
INSERT INTO `app_health` VALUES ('708', '女性', '54', '工程师', '8.4', '9', '30', '3', '正常', '125/80', '65', '5000', '无', '[]', '2025-03-01');
INSERT INTO `app_health` VALUES ('709', '女性', '54', '工程师', '8.4', '9', '30', '3', '正常', '125/80', '65', '5000', '无', '[]', '2025-03-01');
INSERT INTO `app_health` VALUES ('710', '女性', '54', '工程师', '8.4', '9', '30', '3', '正常', '125/80', '65', '5000', '无', '[]', '2025-03-01');
INSERT INTO `app_health` VALUES ('711', '女性', '54', '工程师', '8.4', '9', '30', '3', '正常', '125/80', '65', '5000', '无', '[]', '2025-03-01');
INSERT INTO `app_health` VALUES ('712', '女性', '54', '工程师', '8.4', '9', '30', '3', '正常', '125/80', '65', '5000', '无', '[]', '2025-03-01');
INSERT INTO `app_health` VALUES ('713', '女性', '54', '工程师', '8.5', '9', '30', '3', '正常', '125/80', '65', '5000', '无', '[]', '2025-03-01');
INSERT INTO `app_health` VALUES ('714', '女性', '55', '护士', '8.1', '9', '75', '4', '超重', '140/95', '72', '5000', '睡眠呼吸暂停', '[]', '2025-03-01');
INSERT INTO `app_health` VALUES ('715', '女性', '55', '护士', '8.1', '9', '75', '4', '超重', '140/95', '72', '5000', '睡眠呼吸暂停', '[]', '2025-03-01');
INSERT INTO `app_health` VALUES ('716', '女性', '56', '医生', '8.2', '9', '90', '3', '正常', '118/75', '65', '10000', '无', '[]', '2025-03-01');
INSERT INTO `app_health` VALUES ('717', '女性', '56', '医生', '8.2', '9', '90', '3', '正常', '118/75', '65', '10000', '无', '[]', '2025-03-01');
INSERT INTO `app_health` VALUES ('718', '女性', '57', '护士', '8.1', '9', '75', '3', '超重', '140/95', '68', '7000', '无', '[]', '2025-03-01');
INSERT INTO `app_health` VALUES ('719', '女性', '57', '护士', '8.2', '9', '75', '3', '超重', '140/95', '68', '7000', '睡眠呼吸暂停', '[]', '2025-03-01');
INSERT INTO `app_health` VALUES ('720', '女性', '57', '护士', '8.2', '9', '75', '3', '超重', '140/95', '68', '7000', '睡眠呼吸暂停', '[]', '2025-03-01');
INSERT INTO `app_health` VALUES ('721', '女性', '57', '护士', '8.2', '9', '75', '3', '超重', '140/95', '68', '7000', '睡眠呼吸暂停', '[]', '2025-03-01');
INSERT INTO `app_health` VALUES ('722', '女性', '57', '护士', '8.2', '9', '75', '3', '超重', '140/95', '68', '7000', '睡眠呼吸暂停', '[]', '2025-03-01');
INSERT INTO `app_health` VALUES ('723', '女性', '57', '护士', '8.2', '9', '75', '3', '超重', '140/95', '68', '7000', '睡眠呼吸暂停', '[]', '2025-03-01');
INSERT INTO `app_health` VALUES ('724', '女性', '57', '护士', '8.1', '9', '75', '3', '超重', '140/95', '68', '7000', '睡眠呼吸暂停', '[]', '2025-03-01');
INSERT INTO `app_health` VALUES ('725', '女性', '57', '护士', '8.1', '9', '75', '3', '超重', '140/95', '68', '7000', '睡眠呼吸暂停', '[]', '2025-03-01');
INSERT INTO `app_health` VALUES ('726', '女性', '57', '护士', '8.1', '9', '75', '3', '超重', '140/95', '68', '7000', '睡眠呼吸暂停', '[]', '2025-03-01');
INSERT INTO `app_health` VALUES ('727', '女性', '58', '护士', '8', '9', '75', '3', '超重', '140/95', '68', '7000', '睡眠呼吸暂停', '[]', '2025-03-01');
INSERT INTO `app_health` VALUES ('728', '女性', '58', '护士', '8', '9', '75', '3', '超重', '140/95', '68', '7000', '睡眠呼吸暂停', '[]', '2025-03-01');
INSERT INTO `app_health` VALUES ('729', '女性', '58', '护士', '8', '9', '75', '3', '超重', '140/95', '68', '7000', '睡眠呼吸暂停', '[]', '2025-03-01');
INSERT INTO `app_health` VALUES ('730', '女性', '58', '护士', '8', '9', '75', '3', '超重', '140/95', '68', '7000', '睡眠呼吸暂停', '[]', '2025-03-01');
INSERT INTO `app_health` VALUES ('731', '女性', '58', '护士', '8', '9', '75', '3', '超重', '140/95', '68', '7000', '睡眠呼吸暂停', '[]', '2025-03-01');
INSERT INTO `app_health` VALUES ('732', '女性', '58', '护士', '8', '9', '75', '3', '超重', '140/95', '68', '7000', '睡眠呼吸暂停', '[]', '2025-03-01');
INSERT INTO `app_health` VALUES ('733', '女性', '59', '护士', '8', '9', '75', '3', '超重', '140/95', '68', '7000', '无', '[]', '2025-03-01');
INSERT INTO `app_health` VALUES ('734', '女性', '59', '护士', '8.1', '9', '75', '3', '超重', '140/95', '68', '7000', '无', '[]', '2025-03-01');
INSERT INTO `app_health` VALUES ('735', '女性', '59', '护士', '8.2', '9', '75', '3', '超重', '140/95', '68', '7000', '睡眠呼吸暂停', '[]', '2025-03-01');
INSERT INTO `app_health` VALUES ('736', '女性', '59', '护士', '8.2', '9', '75', '3', '超重', '140/95', '68', '7000', '睡眠呼吸暂停', '[]', '2025-03-01');
INSERT INTO `app_health` VALUES ('737', '女性', '59', '护士', '8.2', '9', '75', '3', '超重', '140/95', '68', '7000', '睡眠呼吸暂停', '[]', '2025-03-01');
INSERT INTO `app_health` VALUES ('738', '女性', '59', '护士', '8.2', '9', '75', '3', '超重', '140/95', '68', '7000', '睡眠呼吸暂停', '[]', '2025-03-01');
INSERT INTO `app_health` VALUES ('739', '女性', '59', '护士', '8', '9', '75', '3', '超重', '140/95', '68', '7000', '睡眠呼吸暂停', '[]', '2025-03-01');
INSERT INTO `app_health` VALUES ('740', '女性', '59', '护士', '8', '9', '75', '3', '超重', '140/95', '68', '7000', '睡眠呼吸暂停', '[]', '2025-03-01');
INSERT INTO `app_health` VALUES ('741', '女性', '59', '护士', '8.1', '9', '75', '3', '超重', '140/95', '68', '7000', '睡眠呼吸暂停', '[]', '2025-03-01');
INSERT INTO `app_health` VALUES ('742', '女性', '59', '护士', '8', '9', '75', '3', '超重', '140/95', '68', '7000', '睡眠呼吸暂停', '[]', '2025-03-01');
INSERT INTO `app_health` VALUES ('743', '女性', '59', '护士', '8.1', '9', '75', '3', '超重', '140/95', '68', '7000', '睡眠呼吸暂停', '[]', '2025-03-01');
INSERT INTO `app_health` VALUES ('744', '女性', '59', '护士', '8.1', '9', '75', '3', '超重', '140/95', '68', '7000', '睡眠呼吸暂停', '[]', '2025-03-01');
INSERT INTO `app_health` VALUES ('745', '女性', '59', '护士', '8', '9', '75', '3', '超重', '140/95', '68', '7000', '睡眠呼吸暂停', '[]', '2025-03-01');
INSERT INTO `app_health` VALUES ('746', '女性', '59', '护士', '8.1', '9', '75', '3', '超重', '140/95', '68', '7000', '睡眠呼吸暂停', '[]', '2025-03-01');
INSERT INTO `app_health` VALUES ('747', '女性', '59', '护士', '8.1', '9', '75', '3', '超重', '140/95', '68', '7000', '睡眠呼吸暂停', '[]', '2025-03-01');
INSERT INTO `app_health` VALUES ('748', '女性', '59', '护士', '8.1', '9', '75', '3', '超重', '140/95', '68', '7000', '睡眠呼吸暂停', '[]', '2025-03-01');

-- ----------------------------
-- Table structure for app_user
-- ----------------------------
DROP TABLE IF EXISTS `app_user`;
CREATE TABLE `app_user` (
  `id` int(11) NOT NULL AUTO_INCREMENT,
  `username` varchar(255) NOT NULL,
  `password` varchar(255) NOT NULL,
  `sex` varchar(255) NOT NULL,
  `avatar` varchar(100) NOT NULL,
  `textarea` varchar(255) NOT NULL,
  `createTime` date NOT NULL,
  `age` varchar(255) NOT NULL,
  `blood_pressure` varchar(255) NOT NULL,
  `bmi` varchar(255) NOT NULL,
  `career` varchar(255) NOT NULL,
  `daily_steps` varchar(255) NOT NULL,
  `heart_rate` varchar(255) NOT NULL,
  `phone` varchar(255) NOT NULL,
  `physical_activity_level` varchar(255) NOT NULL,
  `pressure` varchar(255) NOT NULL,
  `sleep_disorders` varchar(255) NOT NULL,
  `sleep_duration` varchar(255) NOT NULL,
  `sleep_quality` varchar(255) NOT NULL,
  `state` varchar(255) NOT NULL,
  `comments` longtext NOT NULL,
  PRIMARY KEY (`id`)
) ENGINE=InnoDB AUTO_INCREMENT=3 DEFAULT CHARSET=utf8;

-- ----------------------------
-- Records of app_user
-- ----------------------------
INSERT INTO `app_user` VALUES ('1', 'aaa', '123', '男', 'avatar/default.png', '这个人很懒，什么有没留下。', '2025-03-01', '18', '1', '1', '1', '1', '1', '1', '1', '1', '1', '1', '1', '公开', '[{\"author\": \"aaa\", \"score\": 4, \"content\": \"dsafsdaf\", \"date\": \"2025-5-19\", \"userId\": 1}, {\"author\": \"bbb\", \"score\": 5, \"content\": \"fdasdf\", \"date\": \"2025-5-19\", \"userId\": 2}]');
INSERT INTO `app_user` VALUES ('2', 'bbb', '123', '', 'avatar/default.png', '这个人很懒，什么有没留下。', '2025-05-19', '', '', '', '', '', '', '', '', '', '', '', '', '', '[]');

-- ----------------------------
-- Table structure for auth_group
-- ----------------------------
DROP TABLE IF EXISTS `auth_group`;
CREATE TABLE `auth_group` (
  `id` int(11) NOT NULL AUTO_INCREMENT,
  `name` varchar(80) NOT NULL,
  PRIMARY KEY (`id`),
  UNIQUE KEY `name` (`name`)
) ENGINE=InnoDB DEFAULT CHARSET=utf8;

-- ----------------------------
-- Records of auth_group
-- ----------------------------

-- ----------------------------
-- Table structure for auth_group_permissions
-- ----------------------------
DROP TABLE IF EXISTS `auth_group_permissions`;
CREATE TABLE `auth_group_permissions` (
  `id` int(11) NOT NULL AUTO_INCREMENT,
  `group_id` int(11) NOT NULL,
  `permission_id` int(11) NOT NULL,
  PRIMARY KEY (`id`),
  UNIQUE KEY `auth_group_permissions_group_id_permission_id_0cd325b0_uniq` (`group_id`,`permission_id`),
  KEY `auth_group_permissio_permission_id_84c5c92e_fk_auth_perm` (`permission_id`),
  CONSTRAINT `auth_group_permissions_ibfk_1` FOREIGN KEY (`permission_id`) REFERENCES `auth_permission` (`id`),
  CONSTRAINT `auth_group_permissions_ibfk_2` FOREIGN KEY (`group_id`) REFERENCES `auth_group` (`id`)
) ENGINE=InnoDB DEFAULT CHARSET=utf8;

-- ----------------------------
-- Records of auth_group_permissions
-- ----------------------------

-- ----------------------------
-- Table structure for auth_permission
-- ----------------------------
DROP TABLE IF EXISTS `auth_permission`;
CREATE TABLE `auth_permission` (
  `id` int(11) NOT NULL AUTO_INCREMENT,
  `name` varchar(255) NOT NULL,
  `content_type_id` int(11) NOT NULL,
  `codename` varchar(100) NOT NULL,
  PRIMARY KEY (`id`),
  UNIQUE KEY `auth_permission_content_type_id_codename_01ab375a_uniq` (`content_type_id`,`codename`),
  CONSTRAINT `auth_permission_ibfk_1` FOREIGN KEY (`content_type_id`) REFERENCES `django_content_type` (`id`)
) ENGINE=InnoDB AUTO_INCREMENT=25 DEFAULT CHARSET=utf8;

-- ----------------------------
-- Records of auth_permission
-- ----------------------------
INSERT INTO `auth_permission` VALUES ('1', 'Can add log entry', '1', 'add_logentry');
INSERT INTO `auth_permission` VALUES ('2', 'Can change log entry', '1', 'change_logentry');
INSERT INTO `auth_permission` VALUES ('3', 'Can delete log entry', '1', 'delete_logentry');
INSERT INTO `auth_permission` VALUES ('4', 'Can add permission', '2', 'add_permission');
INSERT INTO `auth_permission` VALUES ('5', 'Can change permission', '2', 'change_permission');
INSERT INTO `auth_permission` VALUES ('6', 'Can delete permission', '2', 'delete_permission');
INSERT INTO `auth_permission` VALUES ('7', 'Can add group', '3', 'add_group');
INSERT INTO `auth_permission` VALUES ('8', 'Can change group', '3', 'change_group');
INSERT INTO `auth_permission` VALUES ('9', 'Can delete group', '3', 'delete_group');
INSERT INTO `auth_permission` VALUES ('10', 'Can add user', '4', 'add_user');
INSERT INTO `auth_permission` VALUES ('11', 'Can change user', '4', 'change_user');
INSERT INTO `auth_permission` VALUES ('12', 'Can delete user', '4', 'delete_user');
INSERT INTO `auth_permission` VALUES ('13', 'Can add content type', '5', 'add_contenttype');
INSERT INTO `auth_permission` VALUES ('14', 'Can change content type', '5', 'change_contenttype');
INSERT INTO `auth_permission` VALUES ('15', 'Can delete content type', '5', 'delete_contenttype');
INSERT INTO `auth_permission` VALUES ('16', 'Can add session', '6', 'add_session');
INSERT INTO `auth_permission` VALUES ('17', 'Can change session', '6', 'change_session');
INSERT INTO `auth_permission` VALUES ('18', 'Can delete session', '6', 'delete_session');
INSERT INTO `auth_permission` VALUES ('19', 'Can add 睡眠健康数据表', '7', 'add_healthinfo');
INSERT INTO `auth_permission` VALUES ('20', 'Can change 睡眠健康数据表', '7', 'change_healthinfo');
INSERT INTO `auth_permission` VALUES ('21', 'Can delete 睡眠健康数据表', '7', 'delete_healthinfo');
INSERT INTO `auth_permission` VALUES ('22', 'Can add 用户表', '8', 'add_user');
INSERT INTO `auth_permission` VALUES ('23', 'Can change 用户表', '8', 'change_user');
INSERT INTO `auth_permission` VALUES ('24', 'Can delete 用户表', '8', 'delete_user');

-- ----------------------------
-- Table structure for auth_user
-- ----------------------------
DROP TABLE IF EXISTS `auth_user`;
CREATE TABLE `auth_user` (
  `id` int(11) NOT NULL AUTO_INCREMENT,
  `password` varchar(128) NOT NULL,
  `last_login` datetime(6) DEFAULT NULL,
  `is_superuser` tinyint(1) NOT NULL,
  `username` varchar(150) NOT NULL,
  `first_name` varchar(30) NOT NULL,
  `last_name` varchar(150) NOT NULL,
  `email` varchar(254) NOT NULL,
  `is_staff` tinyint(1) NOT NULL,
  `is_active` tinyint(1) NOT NULL,
  `date_joined` datetime(6) NOT NULL,
  PRIMARY KEY (`id`),
  UNIQUE KEY `username` (`username`)
) ENGINE=InnoDB AUTO_INCREMENT=2 DEFAULT CHARSET=utf8;

-- ----------------------------
-- Records of auth_user
-- ----------------------------
INSERT INTO `auth_user` VALUES ('1', 'pbkdf2_sha256$100000$WPVTEgxbWRWz$o44eksSsxze1jzZkb4V9swmmbSt9Ich6i/a+Y46ti88=', '2025-07-09 09:12:13.555296', '1', 'admin', '', '', '33242432@qq.com', '1', '1', '2025-03-01 14:58:20.863313');

-- ----------------------------
-- Table structure for auth_user_groups
-- ----------------------------
DROP TABLE IF EXISTS `auth_user_groups`;
CREATE TABLE `auth_user_groups` (
  `id` int(11) NOT NULL AUTO_INCREMENT,
  `user_id` int(11) NOT NULL,
  `group_id` int(11) NOT NULL,
  PRIMARY KEY (`id`),
  UNIQUE KEY `auth_user_groups_user_id_group_id_94350c0c_uniq` (`user_id`,`group_id`),
  KEY `auth_user_groups_group_id_97559544_fk_auth_group_id` (`group_id`),
  CONSTRAINT `auth_user_groups_ibfk_1` FOREIGN KEY (`group_id`) REFERENCES `auth_group` (`id`),
  CONSTRAINT `auth_user_groups_ibfk_2` FOREIGN KEY (`user_id`) REFERENCES `auth_user` (`id`)
) ENGINE=InnoDB DEFAULT CHARSET=utf8;

-- ----------------------------
-- Records of auth_user_groups
-- ----------------------------

-- ----------------------------
-- Table structure for auth_user_user_permissions
-- ----------------------------
DROP TABLE IF EXISTS `auth_user_user_permissions`;
CREATE TABLE `auth_user_user_permissions` (
  `id` int(11) NOT NULL AUTO_INCREMENT,
  `user_id` int(11) NOT NULL,
  `permission_id` int(11) NOT NULL,
  PRIMARY KEY (`id`),
  UNIQUE KEY `auth_user_user_permissions_user_id_permission_id_14a6b632_uniq` (`user_id`,`permission_id`),
  KEY `auth_user_user_permi_permission_id_1fbb5f2c_fk_auth_perm` (`permission_id`),
  CONSTRAINT `auth_user_user_permissions_ibfk_1` FOREIGN KEY (`permission_id`) REFERENCES `auth_permission` (`id`),
  CONSTRAINT `auth_user_user_permissions_ibfk_2` FOREIGN KEY (`user_id`) REFERENCES `auth_user` (`id`)
) ENGINE=InnoDB DEFAULT CHARSET=utf8;

-- ----------------------------
-- Records of auth_user_user_permissions
-- ----------------------------

-- ----------------------------
-- Table structure for django_admin_log
-- ----------------------------
DROP TABLE IF EXISTS `django_admin_log`;
CREATE TABLE `django_admin_log` (
  `id` int(11) NOT NULL AUTO_INCREMENT,
  `action_time` datetime(6) NOT NULL,
  `object_id` longtext,
  `object_repr` varchar(200) NOT NULL,
  `action_flag` smallint(5) unsigned NOT NULL,
  `change_message` longtext NOT NULL,
  `content_type_id` int(11) DEFAULT NULL,
  `user_id` int(11) NOT NULL,
  PRIMARY KEY (`id`),
  KEY `django_admin_log_content_type_id_c4bce8eb_fk_django_co` (`content_type_id`),
  KEY `django_admin_log_user_id_c564eba6_fk` (`user_id`),
  CONSTRAINT `django_admin_log_ibfk_1` FOREIGN KEY (`content_type_id`) REFERENCES `django_content_type` (`id`),
  CONSTRAINT `django_admin_log_ibfk_2` FOREIGN KEY (`user_id`) REFERENCES `auth_user` (`id`)
) ENGINE=InnoDB DEFAULT CHARSET=utf8;

-- ----------------------------
-- Records of django_admin_log
-- ----------------------------

-- ----------------------------
-- Table structure for django_content_type
-- ----------------------------
DROP TABLE IF EXISTS `django_content_type`;
CREATE TABLE `django_content_type` (
  `id` int(11) NOT NULL AUTO_INCREMENT,
  `app_label` varchar(100) NOT NULL,
  `model` varchar(100) NOT NULL,
  PRIMARY KEY (`id`),
  UNIQUE KEY `django_content_type_app_label_model_76bd3d3b_uniq` (`app_label`,`model`)
) ENGINE=InnoDB AUTO_INCREMENT=9 DEFAULT CHARSET=utf8;

-- ----------------------------
-- Records of django_content_type
-- ----------------------------
INSERT INTO `django_content_type` VALUES ('1', 'admin', 'logentry');
INSERT INTO `django_content_type` VALUES ('7', 'app', 'healthinfo');
INSERT INTO `django_content_type` VALUES ('8', 'app', 'user');
INSERT INTO `django_content_type` VALUES ('3', 'auth', 'group');
INSERT INTO `django_content_type` VALUES ('2', 'auth', 'permission');
INSERT INTO `django_content_type` VALUES ('4', 'auth', 'user');
INSERT INTO `django_content_type` VALUES ('5', 'contenttypes', 'contenttype');
INSERT INTO `django_content_type` VALUES ('6', 'sessions', 'session');

-- ----------------------------
-- Table structure for django_migrations
-- ----------------------------
DROP TABLE IF EXISTS `django_migrations`;
CREATE TABLE `django_migrations` (
  `id` int(11) NOT NULL AUTO_INCREMENT,
  `app` varchar(255) NOT NULL,
  `name` varchar(255) NOT NULL,
  `applied` datetime(6) NOT NULL,
  PRIMARY KEY (`id`)
) ENGINE=InnoDB AUTO_INCREMENT=19 DEFAULT CHARSET=utf8;

-- ----------------------------
-- Records of django_migrations
-- ----------------------------
INSERT INTO `django_migrations` VALUES ('1', 'contenttypes', '0001_initial', '2025-03-01 13:31:21.660558');
INSERT INTO `django_migrations` VALUES ('2', 'auth', '0001_initial', '2025-03-01 13:31:22.817486');
INSERT INTO `django_migrations` VALUES ('3', 'admin', '0001_initial', '2025-03-01 13:31:23.113336');
INSERT INTO `django_migrations` VALUES ('4', 'admin', '0002_logentry_remove_auto_add', '2025-03-01 13:31:23.124341');
INSERT INTO `django_migrations` VALUES ('5', 'app', '0001_initial', '2025-03-01 13:31:23.919421');
INSERT INTO `django_migrations` VALUES ('6', 'contenttypes', '0002_remove_content_type_name', '2025-03-01 13:31:24.007286');
INSERT INTO `django_migrations` VALUES ('7', 'auth', '0002_alter_permission_name_max_length', '2025-03-01 13:31:24.053176');
INSERT INTO `django_migrations` VALUES ('8', 'auth', '0003_alter_user_email_max_length', '2025-03-01 13:31:24.104524');
INSERT INTO `django_migrations` VALUES ('9', 'auth', '0004_alter_user_username_opts', '2025-03-01 13:31:24.117489');
INSERT INTO `django_migrations` VALUES ('10', 'auth', '0005_alter_user_last_login_null', '2025-03-01 13:31:24.161372');
INSERT INTO `django_migrations` VALUES ('11', 'auth', '0006_require_contenttypes_0002', '2025-03-01 13:31:24.166358');
INSERT INTO `django_migrations` VALUES ('12', 'auth', '0007_alter_validators_add_error_messages', '2025-03-01 13:31:24.178327');
INSERT INTO `django_migrations` VALUES ('13', 'auth', '0008_alter_user_username_max_length', '2025-03-01 13:31:24.281314');
INSERT INTO `django_migrations` VALUES ('14', 'auth', '0009_alter_user_last_name_max_length', '2025-03-01 13:31:24.334188');
INSERT INTO `django_migrations` VALUES ('15', 'sessions', '0001_initial', '2025-03-01 13:31:24.456264');
INSERT INTO `django_migrations` VALUES ('16', 'app', '0002_auto_20250519_1600', '2025-05-19 08:00:25.126832');
INSERT INTO `django_migrations` VALUES ('17', 'app', '0003_user_state', '2025-05-19 08:05:58.421400');
INSERT INTO `django_migrations` VALUES ('18', 'app', '0004_user_comments', '2025-05-19 08:30:12.206724');

-- ----------------------------
-- Table structure for django_session
-- ----------------------------
DROP TABLE IF EXISTS `django_session`;
CREATE TABLE `django_session` (
  `session_key` varchar(40) NOT NULL,
  `session_data` longtext NOT NULL,
  `expire_date` datetime(6) NOT NULL,
  PRIMARY KEY (`session_key`),
  KEY `django_session_expire_date_a5c62663` (`expire_date`)
) ENGINE=InnoDB DEFAULT CHARSET=utf8;

-- ----------------------------
-- Records of django_session
-- ----------------------------
INSERT INTO `django_session` VALUES ('2qn8r606z5zbpozqdfa130evkp3nvhxl', 'ODJjZTRjY2Y3ZDU3OTFjYzE2YmYxNzQxZGFhZTg3Zjc2MGQ2YTBlODp7InVzZXJuYW1lIjoiYWFhIn0=', '2025-07-23 09:13:44.552735');
INSERT INTO `django_session` VALUES ('76cvphuvlknzhdyahsssq4dinwqcaduh', 'ODJjZTRjY2Y3ZDU3OTFjYzE2YmYxNzQxZGFhZTg3Zjc2MGQ2YTBlODp7InVzZXJuYW1lIjoiYWFhIn0=', '2025-06-02 07:22:01.801912');
INSERT INTO `django_session` VALUES ('8hqyj1igeezhwm4fcufu2deb24jayx1n', 'ODJjZTRjY2Y3ZDU3OTFjYzE2YmYxNzQxZGFhZTg3Zjc2MGQ2YTBlODp7InVzZXJuYW1lIjoiYWFhIn0=', '2025-03-15 13:33:38.964212');
INSERT INTO `django_session` VALUES ('ez5k6lw5iimf2n3ix8et20u327eu6mkr', 'ODJjZTRjY2Y3ZDU3OTFjYzE2YmYxNzQxZGFhZTg3Zjc2MGQ2YTBlODp7InVzZXJuYW1lIjoiYWFhIn0=', '2025-04-30 03:56:44.817624');
INSERT INTO `django_session` VALUES ('ovfcv6rcujj4agr1jcgao3el4a3039rt', 'ODJjZTRjY2Y3ZDU3OTFjYzE2YmYxNzQxZGFhZTg3Zjc2MGQ2YTBlODp7InVzZXJuYW1lIjoiYWFhIn0=', '2025-04-30 13:24:14.884128');
INSERT INTO `django_session` VALUES ('s71kgqovtj4h8z4gm3zj3pnc8f0ndy4x', 'MTg2Yjc2M2FlMThjYmE1ZDY5ZWZlNDNmYTA4NGQwYzA3YzA0MWQzNDp7InVzZXJuYW1lIjoiYmJiIn0=', '2025-06-02 08:55:17.463026');
INSERT INTO `django_session` VALUES ('yt0hibmuhf741xs14l0mvb6vt48ueucn', 'ODJjZTRjY2Y3ZDU3OTFjYzE2YmYxNzQxZGFhZTg3Zjc2MGQ2YTBlODp7InVzZXJuYW1lIjoiYWFhIn0=', '2025-07-23 09:06:09.398103');
